INSERT INTO Stabilimento VALUES
	('Bagno Maria','Casalecchio','via lungomare','13','Rimini','Mario Rossi','0451234567','02/05/2015','30/09/2015',false,false,false,false,NULL,NULL,NULL)
	,('Bagno Sapone','Casalecchio','via lungomare','14','Rimini','Luigi Sapone','0451234568','26/04/2015','15/09/2015',true,false,true,true,'11:00','22:30','Sogliola impanata')
	,('Stabilimento Gold','Cesenatico','via garibaldi','42','Forlì-Cesena','Alessandro Verdi','0454561234','15/05/2015','15/10/2015',true,true,true,false,NULL,NULL,NULL)
	,('Stabilimento Silver','Cesenatico','via garibaldi','12','Forlì-Cesena','Alessandro Verdi','0454561235','15/05/2015','15/10/2015',true,true,false,false,NULL,NULL,NULL)
	,('Stabilimento Bronze','Cesenatico','via garibaldi','113B','Forlì-Cesena','Alessandro Verdi','0454561236','15/05/2015','15/10/2015',true,false,false,false,NULL,NULL,NULL)
	;

INSERT INTO Periodo VALUES
	('giugno','01/06/2015','30/06/2015')
	,('luglio','01/07/2015','31/07/2015')
	,('agosto','01/08/2015','31/08/2015')
	,('altro','01/09/2015','31/05/2016')
	,('ferragosto','15/08/2015','15/08/2015')
	,('natale','25/12/2015','25/12/2015');
	
--generati con script python (non sono così folle da scriverli a mano)
INSERT INTO RicavoMensile VALUES
	(2012,5,'Bagno Maria',4727),
	(2012,5,'Bagno Sapone',5892),
	(2012,5,'Stabilimento Gold',5432),
	(2012,5,'Stabilimento Silver',6991),
	(2012,5,'Stabilimento Bronze',1025),
	(2012,6,'Bagno Maria',3563),
	(2012,6,'Bagno Sapone',6029),
	(2012,6,'Stabilimento Gold',6044),
	(2012,6,'Stabilimento Silver',4676),
	(2012,6,'Stabilimento Bronze',5501),
	(2012,7,'Bagno Maria',1230),
	(2012,7,'Bagno Sapone',1385),
	(2012,7,'Stabilimento Gold',1908),
	(2012,7,'Stabilimento Silver',6688),
	(2012,7,'Stabilimento Bronze',7134),
	(2012,8,'Bagno Maria',6322),
	(2012,8,'Bagno Sapone',1803),
	(2012,8,'Stabilimento Gold',5092),
	(2012,8,'Stabilimento Silver',4069),
	(2012,8,'Stabilimento Bronze',2491),
	(2013,5,'Bagno Maria',6197),
	(2013,5,'Bagno Sapone',6764),
	(2013,5,'Stabilimento Gold',576),
	(2013,5,'Stabilimento Silver',2937),
	(2013,5,'Stabilimento Bronze',7151),
	(2013,6,'Bagno Maria',5498),
	(2013,6,'Bagno Sapone',6556),
	(2013,6,'Stabilimento Gold',2930),
	(2013,6,'Stabilimento Silver',2443),
	(2013,6,'Stabilimento Bronze',2998),
	(2013,7,'Bagno Maria',5707),
	(2013,7,'Bagno Sapone',3674),
	(2013,7,'Stabilimento Gold',4244),
	(2013,7,'Stabilimento Silver',1192),
	(2013,7,'Stabilimento Bronze',5192),
	(2013,8,'Bagno Maria',5279),
	(2013,8,'Bagno Sapone',3035),
	(2013,8,'Stabilimento Gold',2194),
	(2013,8,'Stabilimento Silver',2959),
	(2013,8,'Stabilimento Bronze',2536),
	(2014,5,'Bagno Maria',6948),
	(2014,5,'Bagno Sapone',6720),
	(2014,5,'Stabilimento Gold',2620),
	(2014,5,'Stabilimento Silver',917),
	(2014,5,'Stabilimento Bronze',5707),
	(2014,6,'Bagno Maria',1653),
	(2014,6,'Bagno Sapone',2763),
	(2014,6,'Stabilimento Gold',3127),
	(2014,6,'Stabilimento Silver',2228),
	(2014,6,'Stabilimento Bronze',4331),
	(2014,7,'Bagno Maria',6359),
	(2014,7,'Bagno Sapone',7468),
	(2014,7,'Stabilimento Gold',2665),
	(2014,7,'Stabilimento Silver',3494),
	(2014,7,'Stabilimento Bronze',3612),
	(2014,8,'Bagno Maria',3680),
	(2014,8,'Bagno Sapone',1416),
	(2014,8,'Stabilimento Gold',7338),
	(2014,8,'Stabilimento Silver',2236),
	(2014,8,'Stabilimento Bronze',3363);

INSERT INTO PostoSpiaggia VALUES
	(1,'Bagno Maria',1,3),
	(2,'Bagno Maria',1,5),
	(3,'Bagno Maria',1,2),
	(4,'Bagno Maria',1,4),
	(5,'Bagno Maria',1,4),
	(6,'Bagno Maria',1,3),
	(7,'Bagno Maria',2,4),
	(8,'Bagno Maria',2,4),
	(9,'Bagno Maria',2,1),
	(10,'Bagno Maria',2,5),
	(11,'Bagno Maria',2,5),
	(12,'Bagno Maria',2,4),
	(13,'Bagno Maria',2,2),
	(14,'Bagno Maria',3,4),
	(15,'Bagno Maria',3,1),
	(16,'Bagno Maria',3,2),
	(17,'Bagno Maria',3,5),
	(18,'Bagno Maria',3,5),
	(19,'Bagno Maria',3,5),
	(20,'Bagno Maria',3,1),
	(21,'Bagno Maria',4,4),
	(22,'Bagno Maria',4,2),
	(23,'Bagno Maria',4,5),
	(24,'Bagno Maria',4,1),
	(25,'Bagno Maria',4,2),
	(26,'Bagno Maria',4,3),
	(27,'Bagno Maria',4,4),
	(28,'Bagno Maria',5,3),
	(29,'Bagno Maria',5,4),
	(1,'Bagno Sapone',1,3),
	(2,'Bagno Sapone',1,3),
	(3,'Bagno Sapone',1,5),
	(4,'Bagno Sapone',1,5),
	(5,'Bagno Sapone',1,4),
	(6,'Bagno Sapone',1,4),
	(7,'Bagno Sapone',1,4),
	(8,'Bagno Sapone',1,2),
	(9,'Bagno Sapone',1,4),
	(10,'Bagno Sapone',1,2),
	(11,'Bagno Sapone',2,5),
	(12,'Bagno Sapone',2,2),
	(13,'Bagno Sapone',2,3),
	(14,'Bagno Sapone',2,5),
	(15,'Bagno Sapone',2,3),
	(16,'Bagno Sapone',2,4),
	(17,'Bagno Sapone',2,2),
	(18,'Bagno Sapone',2,4),
	(19,'Bagno Sapone',2,1),
	(20,'Bagno Sapone',2,5),
	(21,'Bagno Sapone',2,2),
	(22,'Bagno Sapone',3,3),
	(23,'Bagno Sapone',3,3),
	(24,'Bagno Sapone',3,5),
	(25,'Bagno Sapone',3,3),
	(26,'Bagno Sapone',3,3),
	(27,'Bagno Sapone',3,5),
	(28,'Bagno Sapone',3,4),
	(29,'Bagno Sapone',3,5),
	(30,'Bagno Sapone',3,1),
	(31,'Bagno Sapone',3,1),
	(32,'Bagno Sapone',3,3),
	(33,'Bagno Sapone',4,3),
	(34,'Bagno Sapone',4,5),
	(35,'Bagno Sapone',4,1),
	(36,'Bagno Sapone',4,4),
	(37,'Bagno Sapone',4,4),
	(38,'Bagno Sapone',4,2),
	(39,'Bagno Sapone',4,2),
	(40,'Bagno Sapone',4,2),
	(41,'Bagno Sapone',4,5),
	(42,'Bagno Sapone',4,4),
	(43,'Bagno Sapone',4,5),
	(44,'Bagno Sapone',5,1),
	(45,'Bagno Sapone',5,1),
	(46,'Bagno Sapone',5,4),
	(1,'Stabilimento Gold',1,2),
	(2,'Stabilimento Gold',1,2),
	(3,'Stabilimento Gold',1,2),
	(4,'Stabilimento Gold',1,4),
	(5,'Stabilimento Gold',1,2),
	(6,'Stabilimento Gold',1,2),
	(7,'Stabilimento Gold',1,4),
	(8,'Stabilimento Gold',1,3),
	(9,'Stabilimento Gold',1,3),
	(10,'Stabilimento Gold',2,4),
	(11,'Stabilimento Gold',2,1),
	(12,'Stabilimento Gold',2,3),
	(13,'Stabilimento Gold',2,1),
	(14,'Stabilimento Gold',2,1),
	(15,'Stabilimento Gold',2,4),
	(16,'Stabilimento Gold',2,5),
	(17,'Stabilimento Gold',2,1),
	(18,'Stabilimento Gold',2,4),
	(19,'Stabilimento Gold',2,4),
	(20,'Stabilimento Gold',3,3),
	(21,'Stabilimento Gold',3,1),
	(22,'Stabilimento Gold',3,3),
	(23,'Stabilimento Gold',3,2),
	(24,'Stabilimento Gold',3,4),
	(25,'Stabilimento Gold',3,1),
	(26,'Stabilimento Gold',3,2),
	(27,'Stabilimento Gold',3,3),
	(28,'Stabilimento Gold',3,2),
	(29,'Stabilimento Gold',3,1),
	(30,'Stabilimento Gold',4,2),
	(31,'Stabilimento Gold',4,2),
	(32,'Stabilimento Gold',4,2),
	(33,'Stabilimento Gold',4,3),
	(34,'Stabilimento Gold',4,3),
	(35,'Stabilimento Gold',4,1),
	(36,'Stabilimento Gold',4,5),
	(37,'Stabilimento Gold',4,1),
	(38,'Stabilimento Gold',4,1),
	(39,'Stabilimento Gold',4,3),
	(40,'Stabilimento Gold',5,5),
	(41,'Stabilimento Gold',5,2),
	(42,'Stabilimento Gold',5,5),
	(43,'Stabilimento Gold',5,3),
	(44,'Stabilimento Gold',5,3),
	(45,'Stabilimento Gold',5,2),
	(46,'Stabilimento Gold',5,1),
	(47,'Stabilimento Gold',5,1),
	(48,'Stabilimento Gold',5,5),
	(49,'Stabilimento Gold',5,4),
	(50,'Stabilimento Gold',6,1),
	(51,'Stabilimento Gold',6,4),
	(52,'Stabilimento Gold',6,2),
	(53,'Stabilimento Gold',6,2),
	(54,'Stabilimento Gold',6,5),
	(55,'Stabilimento Gold',6,4),
	(56,'Stabilimento Gold',6,2),
	(57,'Stabilimento Gold',6,5),
	(58,'Stabilimento Gold',6,3),
	(59,'Stabilimento Gold',6,4),
	(60,'Stabilimento Gold',7,5),
	(61,'Stabilimento Gold',7,3),
	(62,'Stabilimento Gold',7,4),
	(63,'Stabilimento Gold',7,4),
	(64,'Stabilimento Gold',7,2),
	(65,'Stabilimento Gold',7,5),
	(66,'Stabilimento Gold',7,2),
	(67,'Stabilimento Gold',7,3),
	(68,'Stabilimento Gold',7,4),
	(69,'Stabilimento Gold',7,2),
	(70,'Stabilimento Gold',8,1),
	(1,'Stabilimento Silver',1,2),
	(2,'Stabilimento Silver',1,2),
	(3,'Stabilimento Silver',1,5),
	(4,'Stabilimento Silver',1,2),
	(5,'Stabilimento Silver',1,5),
	(6,'Stabilimento Silver',1,5),
	(7,'Stabilimento Silver',1,1),
	(8,'Stabilimento Silver',2,2),
	(9,'Stabilimento Silver',2,1),
	(10,'Stabilimento Silver',2,3),
	(11,'Stabilimento Silver',2,2),
	(12,'Stabilimento Silver',2,3),
	(13,'Stabilimento Silver',2,1),
	(14,'Stabilimento Silver',2,5),
	(15,'Stabilimento Silver',2,5),
	(16,'Stabilimento Silver',3,4),
	(17,'Stabilimento Silver',3,4),
	(18,'Stabilimento Silver',3,4),
	(19,'Stabilimento Silver',3,2),
	(1,'Stabilimento Bronze',1,2),
	(2,'Stabilimento Bronze',1,2),
	(3,'Stabilimento Bronze',1,5),
	(4,'Stabilimento Bronze',1,2),
	(5,'Stabilimento Bronze',1,1),
	(6,'Stabilimento Bronze',2,4),
	(7,'Stabilimento Bronze',2,5),
	(8,'Stabilimento Bronze',2,4),
	(9,'Stabilimento Bronze',2,1),
	(10,'Stabilimento Bronze',2,4),
	(11,'Stabilimento Bronze',2,4),
	(12,'Stabilimento Bronze',3,2),
	(13,'Stabilimento Bronze',3,1),
	(14,'Stabilimento Bronze',3,3),
	(15,'Stabilimento Bronze',3,1),
	(16,'Stabilimento Bronze',3,2),
	(17,'Stabilimento Bronze',3,2),
	(18,'Stabilimento Bronze',4,3),
	(19,'Stabilimento Bronze',4,2),
	(20,'Stabilimento Bronze',4,2),
	(21,'Stabilimento Bronze',4,2),
	(22,'Stabilimento Bronze',4,1),
	(23,'Stabilimento Bronze',4,5),
	(24,'Stabilimento Bronze',5,2),
	(25,'Stabilimento Bronze',5,2),
	(26,'Stabilimento Bronze',5,5),
	(27,'Stabilimento Bronze',5,3),
	(28,'Stabilimento Bronze',5,4),
	(29,'Stabilimento Bronze',5,4),
	(30,'Stabilimento Bronze',6,2),
	(31,'Stabilimento Bronze',6,4),
	(32,'Stabilimento Bronze',6,2),
	(33,'Stabilimento Bronze',6,2),
	(34,'Stabilimento Bronze',6,4),
	(35,'Stabilimento Bronze',6,5),
	(36,'Stabilimento Bronze',7,5),
	(37,'Stabilimento Bronze',7,2),
	(38,'Stabilimento Bronze',7,4),
	(39,'Stabilimento Bronze',7,1),
	(40,'Stabilimento Bronze',7,3),
	(41,'Stabilimento Bronze',7,4),
	(42,'Stabilimento Bronze',8,3),
	(43,'Stabilimento Bronze',8,2),
	(44,'Stabilimento Bronze',8,2),
	(45,'Stabilimento Bronze',8,2),
	(46,'Stabilimento Bronze',8,3),
	(47,'Stabilimento Bronze',8,4),
	(48,'Stabilimento Bronze',9,2),
	(49,'Stabilimento Bronze',9,4),
	(50,'Stabilimento Bronze',9,4),
	(51,'Stabilimento Bronze',9,4),
	(52,'Stabilimento Bronze',9,2),
	(53,'Stabilimento Bronze',9,4),
	(54,'Stabilimento Bronze',10,1),
	(55,'Stabilimento Bronze',10,3),
	(56,'Stabilimento Bronze',10,2),
	(57,'Stabilimento Bronze',10,2),
	(58,'Stabilimento Bronze',10,5),
	(59,'Stabilimento Bronze',10,2),
	(60,'Stabilimento Bronze',11,4),
	(61,'Stabilimento Bronze',11,3),
	(62,'Stabilimento Bronze',11,2),
	(63,'Stabilimento Bronze',11,3),
	(64,'Stabilimento Bronze',11,3),
	(65,'Stabilimento Bronze',11,3),
	(66,'Stabilimento Bronze',12,4),
	(67,'Stabilimento Bronze',12,3),
	(68,'Stabilimento Bronze',12,3),
	(69,'Stabilimento Bronze',12,4),
	(70,'Stabilimento Bronze',12,3),
	(71,'Stabilimento Bronze',12,1),
	(72,'Stabilimento Bronze',13,1),
	(73,'Stabilimento Bronze',13,5),
	(74,'Stabilimento Bronze',13,4),
	(75,'Stabilimento Bronze',13,5),
	(76,'Stabilimento Bronze',13,2),
	(77,'Stabilimento Bronze',13,1),
	(78,'Stabilimento Bronze',14,1);

INSERT INTO PP VALUES
	('Stabilimento Bronze',25,'luglio',8.94),
	('Stabilimento Bronze',21,'agosto',15.00),
	('Stabilimento Gold',11,'ferragosto',28.28),
	('Stabilimento Bronze',10,'ferragosto',28.28),
	('Stabilimento Bronze',57,'agosto',9.49),
	('Bagno Maria',22,'giugno',5.00),
	('Bagno Sapone',30,'agosto',17.32),
	('Stabilimento Gold',1,'ferragosto',40.00),
	('Bagno Sapone',34,'agosto',15.00),
	('Stabilimento Bronze',37,'ferragosto',15.12),
	('Stabilimento Gold',58,'agosto',12.25),
	('Bagno Sapone',28,'luglio',11.55),
	('Stabilimento Gold',41,'agosto',13.42),
	('Bagno Maria',11,'ferragosto',28.28),
	('Bagno Sapone',22,'luglio',11.55),
	('Stabilimento Bronze',45,'luglio',7.07),
	('Stabilimento Bronze',2,'ferragosto',40.00),
	('Stabilimento Bronze',12,'giugno',5.77),
	('Bagno Sapone',31,'ferragosto',23.09),
	('Bagno Maria',20,'ferragosto',23.09),
	('Bagno Maria',20,'luglio',11.55),
	('Stabilimento Gold',8,'ferragosto',40.00),
	('Bagno Sapone',43,'luglio',10.00),
	('Stabilimento Bronze',16,'luglio',11.55),
	('Stabilimento Silver',12,'ferragosto',28.28),
	('Stabilimento Gold',10,'luglio',14.14),
	('Stabilimento Gold',5,'agosto',30.00),
	('Bagno Maria',18,'agosto',17.32),
	('Stabilimento Gold',57,'agosto',12.25),
	('Stabilimento Gold',30,'giugno',5.00),
	('Stabilimento Bronze',17,'ferragosto',23.09),
	('Stabilimento Gold',21,'giugno',5.77),
	('Stabilimento Gold',46,'agosto',13.42),
	('Stabilimento Silver',13,'giugno',7.07),
	('Bagno Maria',6,'luglio',20.00),
	('Bagno Maria',25,'luglio',10.00),
	('Stabilimento Bronze',70,'agosto',8.66),
	('Stabilimento Bronze',29,'giugno',4.47),
	('Bagno Maria',4,'agosto',30.00),
	('Stabilimento Bronze',2,'agosto',30.00),
	('Stabilimento Gold',51,'agosto',12.25),
	('Stabilimento Bronze',46,'agosto',10.61),
	('Bagno Sapone',39,'agosto',15.00),
	('Bagno Sapone',6,'giugno',10.00),
	('Bagno Sapone',21,'agosto',21.21),
	('Stabilimento Gold',67,'giugno',3.78),
	('Stabilimento Bronze',31,'giugno',4.08),
	('Stabilimento Bronze',39,'agosto',11.34),
	('Bagno Sapone',32,'ferragosto',23.09),
	('Stabilimento Bronze',8,'ferragosto',28.28),
	('Bagno Sapone',46,'ferragosto',17.89),
	('Stabilimento Gold',30,'ferragosto',20.00),
	('Stabilimento Bronze',20,'agosto',15.00),
	('Stabilimento Silver',5,'luglio',20.00),
	('Bagno Sapone',41,'agosto',15.00),
	('Stabilimento Gold',20,'ferragosto',23.09),
	('Stabilimento Gold',41,'ferragosto',17.89),
	('Stabilimento Silver',9,'ferragosto',28.28),
	('Stabilimento Gold',39,'ferragosto',20.00),
	('Stabilimento Bronze',45,'ferragosto',14.14),
	('Bagno Maria',13,'ferragosto',28.28),
	('Stabilimento Gold',18,'agosto',21.21),
	('Stabilimento Gold',60,'giugno',3.78),
	('Stabilimento Bronze',35,'luglio',8.16),
	('Stabilimento Bronze',28,'luglio',8.94),
	('Stabilimento Gold',65,'agosto',11.34),
	('Stabilimento Bronze',34,'ferragosto',16.33),
	('Bagno Maria',29,'giugno',4.47),
	('Bagno Maria',24,'giugno',5.00),
	('Stabilimento Gold',54,'agosto',12.25),
	('Stabilimento Gold',39,'giugno',5.00),
	('Stabilimento Gold',4,'agosto',30.00),
	('Bagno Maria',13,'agosto',21.21),
	('Bagno Maria',1,'luglio',20.00),
	('Stabilimento Bronze',67,'agosto',8.66),
	('Stabilimento Gold',20,'giugno',5.77),
	('Bagno Sapone',15,'luglio',14.14),
	('Stabilimento Bronze',26,'agosto',13.42),
	('Stabilimento Bronze',55,'ferragosto',12.65),
	('Stabilimento Silver',14,'giugno',7.07),
	('Bagno Sapone',13,'agosto',21.21),
	('Stabilimento Bronze',18,'luglio',10.00),
	('Stabilimento Bronze',26,'ferragosto',17.89),
	('Stabilimento Bronze',29,'agosto',13.42),
	('Bagno Sapone',28,'agosto',17.32),
	('Bagno Sapone',26,'ferragosto',23.09),
	('Stabilimento Bronze',59,'ferragosto',12.65),
	('Bagno Sapone',32,'agosto',17.32),
	('Stabilimento Bronze',44,'agosto',10.61),
	('Bagno Sapone',12,'giugno',7.07),
	('Stabilimento Bronze',53,'luglio',6.67),
	('Stabilimento Bronze',36,'giugno',3.78),
	('Stabilimento Bronze',60,'giugno',3.02),
	('Stabilimento Gold',28,'luglio',11.55),
	('Stabilimento Silver',8,'luglio',14.14),
	('Stabilimento Gold',9,'ferragosto',40.00),
	('Bagno Sapone',28,'ferragosto',23.09),
	('Stabilimento Silver',3,'ferragosto',40.00),
	('Stabilimento Gold',26,'agosto',17.32),
	('Stabilimento Bronze',6,'luglio',14.14),
	('Stabilimento Gold',61,'ferragosto',15.12),
	('Stabilimento Bronze',10,'luglio',14.14),
	('Stabilimento Bronze',31,'luglio',8.16),
	('Stabilimento Gold',63,'agosto',11.34),
	('Stabilimento Gold',46,'luglio',8.94),
	('Stabilimento Silver',19,'agosto',17.32),
	('Stabilimento Bronze',53,'giugno',3.33),
	('Stabilimento Gold',44,'agosto',13.42),
	('Bagno Maria',10,'giugno',7.07),
	('Stabilimento Gold',64,'agosto',11.34),
	('Stabilimento Gold',49,'giugno',4.47),
	('Bagno Sapone',39,'luglio',10.00),
	('Stabilimento Bronze',3,'ferragosto',40.00),
	('Bagno Maria',27,'giugno',5.00),
	('Stabilimento Bronze',15,'ferragosto',23.09),
	('Stabilimento Gold',38,'giugno',5.00),
	('Bagno Sapone',39,'ferragosto',20.00),
	('Bagno Sapone',37,'agosto',15.00),
	('Stabilimento Bronze',16,'giugno',5.77),
	('Bagno Sapone',45,'ferragosto',17.89),
	('Stabilimento Bronze',37,'agosto',11.34),
	('Stabilimento Gold',59,'ferragosto',16.33),
	('Stabilimento Bronze',1,'giugno',10.00),
	('Stabilimento Gold',46,'ferragosto',17.89),
	('Bagno Maria',1,'ferragosto',40.00),
	('Bagno Maria',18,'luglio',11.55),
	('Stabilimento Gold',21,'luglio',11.55),
	('Bagno Sapone',15,'ferragosto',28.28),
	('Bagno Maria',18,'ferragosto',23.09),
	('Stabilimento Gold',31,'luglio',10.00),
	('Stabilimento Bronze',78,'giugno',2.67),
	('Stabilimento Bronze',21,'ferragosto',20.00),
	('Stabilimento Gold',6,'ferragosto',40.00),
	('Bagno Maria',12,'agosto',21.21),
	('Stabilimento Gold',18,'giugno',7.07),
	('Bagno Sapone',45,'luglio',8.94),
	('Stabilimento Gold',28,'ferragosto',23.09),
	('Stabilimento Gold',34,'agosto',15.00),
	('Stabilimento Gold',66,'luglio',7.56),
	('Stabilimento Gold',47,'ferragosto',17.89),
	('Stabilimento Gold',41,'giugno',4.47),
	('Stabilimento Gold',68,'luglio',7.56),
	('Stabilimento Bronze',55,'luglio',6.32),
	('Bagno Sapone',20,'luglio',14.14),
	('Stabilimento Gold',10,'giugno',7.07),
	('Bagno Maria',8,'luglio',14.14),
	('Stabilimento Gold',52,'agosto',12.25),
	('Stabilimento Bronze',58,'giugno',3.16),
	('Stabilimento Bronze',75,'agosto',8.32),
	('Stabilimento Bronze',52,'ferragosto',13.33),
	('Stabilimento Bronze',35,'giugno',4.08),
	('Stabilimento Gold',11,'agosto',21.21),
	('Bagno Maria',16,'agosto',17.32),
	('Stabilimento Bronze',11,'ferragosto',28.28),
	('Stabilimento Bronze',71,'ferragosto',11.55),
	('Stabilimento Bronze',76,'agosto',8.32),
	('Bagno Maria',5,'giugno',10.00),
	('Bagno Sapone',3,'agosto',30.00),
	('Bagno Sapone',18,'giugno',7.07),
	('Bagno Sapone',35,'luglio',10.00),
	('Stabilimento Bronze',8,'luglio',14.14),
	('Stabilimento Bronze',61,'agosto',9.05),
	('Stabilimento Bronze',34,'giugno',4.08),
	('Bagno Sapone',2,'agosto',30.00),
	('Stabilimento Bronze',28,'ferragosto',17.89),
	('Bagno Sapone',38,'agosto',15.00),
	('Stabilimento Bronze',33,'ferragosto',16.33),
	('Stabilimento Bronze',19,'giugno',5.00),
	('Stabilimento Bronze',61,'luglio',6.03),
	('Stabilimento Bronze',47,'ferragosto',14.14),
	('Stabilimento Gold',39,'luglio',10.00),
	('Bagno Sapone',40,'giugno',5.00),
	('Bagno Maria',16,'ferragosto',23.09),
	('Stabilimento Gold',27,'agosto',17.32),
	('Stabilimento Bronze',42,'luglio',7.07),
	('Stabilimento Bronze',26,'luglio',8.94),
	('Stabilimento Silver',8,'ferragosto',28.28),
	('Stabilimento Bronze',64,'giugno',3.02),
	('Bagno Sapone',41,'luglio',10.00),
	('Stabilimento Gold',45,'giugno',4.47),
	('Stabilimento Bronze',39,'ferragosto',15.12),
	('Stabilimento Gold',40,'giugno',4.47),
	('Bagno Sapone',12,'luglio',14.14),
	('Stabilimento Gold',8,'luglio',20.00),
	('Stabilimento Gold',61,'agosto',11.34),
	('Bagno Sapone',6,'luglio',20.00),
	('Stabilimento Gold',25,'giugno',5.77),
	('Stabilimento Bronze',51,'luglio',6.67),
	('Bagno Sapone',36,'giugno',5.00),
	('Stabilimento Silver',1,'giugno',10.00),
	('Bagno Maria',25,'agosto',15.00),
	('Stabilimento Gold',37,'luglio',10.00),
	('Bagno Sapone',11,'giugno',7.07),
	('Bagno Maria',4,'luglio',20.00),
	('Stabilimento Bronze',61,'ferragosto',12.06),
	('Stabilimento Silver',12,'agosto',21.21),
	('Stabilimento Bronze',32,'ferragosto',16.33),
	('Stabilimento Bronze',69,'giugno',2.89),
	('Stabilimento Bronze',47,'giugno',3.54),
	('Stabilimento Bronze',76,'ferragosto',11.09),
	('Bagno Sapone',44,'luglio',8.94),
	('Bagno Maria',6,'ferragosto',40.00),
	('Bagno Maria',19,'agosto',17.32),
	('Stabilimento Gold',26,'luglio',11.55),
	('Bagno Sapone',14,'ferragosto',28.28),
	('Stabilimento Silver',15,'luglio',14.14),
	('Bagno Sapone',42,'ferragosto',20.00),
	('Bagno Maria',3,'giugno',10.00),
	('Stabilimento Bronze',24,'agosto',13.42),
	('Bagno Sapone',24,'giugno',5.77),
	('Stabilimento Bronze',77,'luglio',5.55),
	('Stabilimento Gold',16,'ferragosto',28.28),
	('Stabilimento Silver',11,'ferragosto',28.28),
	('Stabilimento Bronze',40,'giugno',3.78),
	('Bagno Sapone',37,'ferragosto',20.00),
	('Stabilimento Gold',7,'ferragosto',40.00),
	('Stabilimento Bronze',60,'agosto',9.05),
	('Stabilimento Bronze',78,'agosto',8.02),
	('Bagno Maria',9,'luglio',14.14),
	('Stabilimento Gold',29,'ferragosto',23.09),
	('Stabilimento Bronze',25,'giugno',4.47),
	('Bagno Maria',9,'ferragosto',28.28),
	('Stabilimento Gold',19,'luglio',14.14),
	('Stabilimento Gold',66,'giugno',3.78),
	('Stabilimento Gold',44,'ferragosto',17.89),
	('Bagno Maria',7,'ferragosto',28.28),
	('Bagno Sapone',36,'ferragosto',20.00),
	('Stabilimento Gold',70,'luglio',7.07),
	('Bagno Maria',26,'ferragosto',20.00),
	('Bagno Sapone',42,'luglio',10.00),
	('Stabilimento Bronze',38,'luglio',7.56),
	('Bagno Sapone',17,'ferragosto',28.28),
	('Stabilimento Gold',69,'agosto',11.34),
	('Stabilimento Gold',58,'giugno',4.08),
	('Stabilimento Bronze',40,'agosto',11.34),
	('Stabilimento Bronze',34,'luglio',8.16),
	('Bagno Maria',28,'giugno',4.47),
	('Stabilimento Bronze',23,'agosto',15.00),
	('Stabilimento Gold',43,'giugno',4.47),
	('Stabilimento Gold',24,'agosto',17.32),
	('Bagno Maria',1,'agosto',30.00),
	('Stabilimento Bronze',21,'giugno',5.00),
	('Stabilimento Silver',2,'agosto',30.00),
	('Bagno Maria',7,'luglio',14.14),
	('Stabilimento Gold',9,'agosto',30.00),
	('Bagno Maria',22,'agosto',15.00),
	('Stabilimento Silver',7,'ferragosto',40.00),
	('Stabilimento Bronze',51,'ferragosto',13.33),
	('Bagno Sapone',34,'giugno',5.00),
	('Stabilimento Silver',17,'agosto',17.32),
	('Stabilimento Gold',70,'agosto',10.61),
	('Stabilimento Bronze',31,'agosto',12.25),
	('Stabilimento Gold',3,'giugno',10.00),
	('Stabilimento Bronze',13,'agosto',17.32),
	('Bagno Sapone',17,'luglio',14.14),
	('Stabilimento Gold',64,'ferragosto',15.12),
	('Stabilimento Silver',18,'ferragosto',23.09),
	('Stabilimento Bronze',44,'luglio',7.07),
	('Stabilimento Bronze',48,'agosto',10.00),
	('Stabilimento Bronze',6,'agosto',21.21),
	('Stabilimento Gold',22,'luglio',11.55),
	('Stabilimento Bronze',1,'luglio',20.00),
	('Bagno Sapone',10,'giugno',10.00),
	('Stabilimento Gold',19,'agosto',21.21),
	('Bagno Sapone',44,'ferragosto',17.89),
	('Stabilimento Bronze',54,'giugno',3.16),
	('Stabilimento Gold',26,'ferragosto',23.09),
	('Stabilimento Silver',15,'ferragosto',28.28),
	('Stabilimento Bronze',65,'giugno',3.02),
	('Stabilimento Gold',37,'ferragosto',20.00),
	('Stabilimento Gold',15,'giugno',7.07),
	('Stabilimento Bronze',62,'luglio',6.03),
	('Stabilimento Gold',50,'agosto',12.25),
	('Stabilimento Bronze',67,'luglio',5.77),
	('Stabilimento Gold',31,'agosto',15.00),
	('Stabilimento Gold',50,'ferragosto',16.33),
	('Bagno Maria',26,'luglio',10.00),
	('Stabilimento Silver',7,'agosto',30.00),
	('Stabilimento Gold',68,'giugno',3.78),
	('Stabilimento Gold',44,'luglio',8.94),
	('Stabilimento Gold',32,'agosto',15.00),
	('Bagno Maria',14,'giugno',5.77),
	('Bagno Sapone',21,'giugno',7.07),
	('Stabilimento Gold',53,'giugno',4.08),
	('Stabilimento Gold',48,'giugno',4.47),
	('Bagno Sapone',31,'giugno',5.77),
	('Stabilimento Bronze',39,'giugno',3.78),
	('Bagno Sapone',37,'luglio',10.00),
	('Stabilimento Silver',9,'agosto',21.21),
	('Bagno Maria',17,'giugno',5.77),
	('Bagno Sapone',31,'agosto',17.32),
	('Stabilimento Bronze',20,'giugno',5.00),
	('Bagno Sapone',41,'ferragosto',20.00),
	('Bagno Sapone',24,'luglio',11.55),
	('Stabilimento Bronze',41,'agosto',11.34),
	('Bagno Sapone',18,'luglio',14.14),
	('Bagno Sapone',35,'giugno',5.00),
	('Stabilimento Bronze',7,'agosto',21.21),
	('Stabilimento Bronze',47,'luglio',7.07),
	('Stabilimento Bronze',30,'agosto',12.25),
	('Stabilimento Bronze',15,'giugno',5.77),
	('Stabilimento Gold',32,'ferragosto',20.00),
	('Bagno Sapone',1,'agosto',30.00),
	('Stabilimento Bronze',68,'ferragosto',11.55),
	('Bagno Maria',14,'ferragosto',23.09),
	('Stabilimento Bronze',5,'ferragosto',40.00),
	('Stabilimento Bronze',51,'agosto',10.00),
	('Bagno Maria',4,'ferragosto',40.00),
	('Stabilimento Bronze',41,'giugno',3.78),
	('Stabilimento Bronze',57,'ferragosto',12.65),
	('Stabilimento Bronze',74,'ferragosto',11.09),
	('Stabilimento Bronze',56,'agosto',9.49),
	('Stabilimento Gold',24,'ferragosto',23.09),
	('Stabilimento Gold',15,'ferragosto',28.28),
	('Stabilimento Bronze',59,'luglio',6.32),
	('Stabilimento Bronze',57,'luglio',6.32),
	('Stabilimento Gold',5,'ferragosto',40.00),
	('Stabilimento Bronze',27,'ferragosto',17.89),
	('Bagno Maria',2,'luglio',20.00),
	('Stabilimento Gold',14,'giugno',7.07),
	('Stabilimento Gold',49,'luglio',8.94),
	('Stabilimento Gold',5,'giugno',10.00),
	('Stabilimento Gold',52,'luglio',8.16),
	('Stabilimento Gold',47,'luglio',8.94),
	('Stabilimento Silver',16,'giugno',5.77),
	('Stabilimento Gold',30,'agosto',15.00),
	('Bagno Maria',7,'agosto',21.21),
	('Stabilimento Bronze',48,'ferragosto',13.33),
	('Stabilimento Bronze',23,'ferragosto',20.00),
	('Stabilimento Bronze',13,'ferragosto',23.09),
	('Bagno Sapone',19,'giugno',7.07),
	('Bagno Sapone',7,'giugno',10.00),
	('Bagno Maria',20,'agosto',17.32),
	('Stabilimento Bronze',67,'ferragosto',11.55),
	('Stabilimento Gold',35,'agosto',15.00),
	('Stabilimento Silver',6,'luglio',20.00),
	('Stabilimento Gold',61,'luglio',7.56),
	('Bagno Sapone',22,'giugno',5.77),
	('Bagno Maria',4,'giugno',10.00),
	('Stabilimento Silver',17,'ferragosto',23.09),
	('Bagno Sapone',43,'agosto',15.00),
	('Stabilimento Gold',51,'giugno',4.08),
	('Stabilimento Bronze',65,'agosto',9.05),
	('Stabilimento Bronze',38,'giugno',3.78),
	('Bagno Sapone',6,'agosto',30.00),
	('Stabilimento Bronze',24,'ferragosto',17.89),
	('Bagno Sapone',42,'agosto',15.00),
	('Stabilimento Bronze',71,'luglio',5.77),
	('Bagno Sapone',4,'luglio',20.00),
	('Stabilimento Bronze',4,'agosto',30.00),
	('Stabilimento Gold',57,'luglio',8.16),
	('Bagno Sapone',35,'ferragosto',20.00),
	('Bagno Sapone',30,'luglio',11.55),
	('Stabilimento Gold',57,'ferragosto',16.33),
	('Stabilimento Bronze',1,'ferragosto',40.00),
	('Stabilimento Silver',18,'agosto',17.32),
	('Bagno Sapone',41,'giugno',5.00),
	('Stabilimento Gold',55,'ferragosto',16.33),
	('Stabilimento Bronze',45,'giugno',3.54),
	('Bagno Maria',23,'luglio',10.00),
	('Stabilimento Gold',42,'ferragosto',17.89),
	('Stabilimento Gold',70,'ferragosto',14.14),
	('Stabilimento Gold',36,'ferragosto',20.00),
	('Stabilimento Gold',63,'giugno',3.78),
	('Stabilimento Gold',41,'luglio',8.94),
	('Stabilimento Gold',2,'luglio',20.00),
	('Stabilimento Bronze',9,'agosto',21.21),
	('Stabilimento Gold',44,'giugno',4.47),
	('Stabilimento Gold',29,'agosto',17.32),
	('Bagno Maria',10,'agosto',21.21),
	('Stabilimento Gold',2,'ferragosto',40.00),
	('Stabilimento Gold',49,'agosto',13.42),
	('Stabilimento Bronze',69,'luglio',5.77),
	('Stabilimento Silver',5,'agosto',30.00),
	('Stabilimento Gold',55,'luglio',8.16),
	('Stabilimento Gold',38,'agosto',15.00),
	('Stabilimento Gold',23,'giugno',5.77),
	('Bagno Sapone',37,'giugno',5.00),
	('Bagno Maria',29,'agosto',13.42),
	('Bagno Sapone',29,'luglio',11.55),
	('Stabilimento Silver',15,'giugno',7.07),
	('Stabilimento Gold',4,'giugno',10.00),
	('Stabilimento Bronze',10,'agosto',21.21),
	('Stabilimento Bronze',63,'giugno',3.02),
	('Stabilimento Gold',35,'ferragosto',20.00),
	('Bagno Sapone',29,'agosto',17.32),
	('Stabilimento Bronze',72,'ferragosto',11.09),
	('Stabilimento Bronze',42,'ferragosto',14.14),
	('Stabilimento Bronze',47,'agosto',10.61),
	('Bagno Sapone',13,'giugno',7.07),
	('Bagno Sapone',10,'ferragosto',40.00),
	('Stabilimento Bronze',40,'luglio',7.56),
	('Stabilimento Bronze',69,'ferragosto',11.55),
	('Stabilimento Silver',6,'ferragosto',40.00),
	('Stabilimento Gold',24,'luglio',11.55),
	('Stabilimento Bronze',28,'agosto',13.42),
	('Bagno Sapone',28,'giugno',5.77),
	('Stabilimento Bronze',64,'agosto',9.05),
	('Stabilimento Bronze',44,'giugno',3.54),
	('Stabilimento Gold',3,'ferragosto',40.00),
	('Stabilimento Bronze',18,'ferragosto',20.00),
	('Stabilimento Gold',53,'luglio',8.16),
	('Stabilimento Silver',17,'luglio',11.55),
	('Stabilimento Gold',25,'ferragosto',23.09),
	('Stabilimento Gold',35,'luglio',10.00),
	('Stabilimento Gold',40,'ferragosto',17.89),
	('Stabilimento Gold',18,'luglio',14.14),
	('Stabilimento Bronze',14,'giugno',5.77),
	('Stabilimento Gold',10,'agosto',21.21),
	('Stabilimento Gold',42,'luglio',8.94),
	('Stabilimento Gold',62,'giugno',3.78),
	('Stabilimento Gold',47,'agosto',13.42),
	('Stabilimento Bronze',48,'luglio',6.67),
	('Bagno Maria',29,'luglio',8.94),
	('Stabilimento Gold',28,'agosto',17.32),
	('Bagno Maria',5,'agosto',30.00),
	('Bagno Maria',26,'giugno',5.00),
	('Stabilimento Gold',33,'giugno',5.00),
	('Stabilimento Gold',17,'luglio',14.14),
	('Stabilimento Silver',6,'agosto',30.00),
	('Stabilimento Gold',51,'luglio',8.16),
	('Stabilimento Bronze',19,'ferragosto',20.00),
	('Stabilimento Bronze',32,'luglio',8.16),
	('Stabilimento Gold',22,'giugno',5.77),
	('Bagno Sapone',38,'giugno',5.00),
	('Stabilimento Bronze',25,'ferragosto',17.89),
	('Stabilimento Bronze',32,'agosto',12.25),
	('Stabilimento Bronze',54,'ferragosto',12.65),
	('Bagno Sapone',29,'ferragosto',23.09),
	('Stabilimento Bronze',71,'agosto',8.66),
	('Bagno Sapone',4,'agosto',30.00),
	('Bagno Sapone',40,'agosto',15.00),
	('Stabilimento Gold',32,'luglio',10.00),
	('Stabilimento Bronze',38,'ferragosto',15.12),
	('Stabilimento Gold',52,'ferragosto',16.33),
	('Bagno Sapone',14,'giugno',7.07),
	('Stabilimento Bronze',62,'giugno',3.02),
	('Stabilimento Gold',6,'luglio',20.00),
	('Stabilimento Silver',18,'luglio',11.55),
	('Stabilimento Gold',16,'giugno',7.07),
	('Stabilimento Gold',22,'ferragosto',23.09),
	('Stabilimento Gold',2,'giugno',10.00),
	('Stabilimento Bronze',56,'ferragosto',12.65),
	('Stabilimento Gold',33,'ferragosto',20.00),
	('Stabilimento Silver',4,'giugno',10.00),
	('Bagno Sapone',16,'luglio',14.14),
	('Stabilimento Gold',63,'ferragosto',15.12),
	('Bagno Sapone',1,'luglio',20.00),
	('Stabilimento Gold',18,'ferragosto',28.28),
	('Stabilimento Gold',55,'agosto',12.25),
	('Stabilimento Gold',38,'luglio',10.00),
	('Stabilimento Bronze',17,'luglio',11.55),
	('Stabilimento Bronze',30,'ferragosto',16.33),
	('Stabilimento Bronze',58,'agosto',9.49),
	('Stabilimento Bronze',62,'ferragosto',12.06),
	('Stabilimento Gold',36,'agosto',15.00),
	('Stabilimento Bronze',42,'giugno',3.54),
	('Stabilimento Silver',10,'giugno',7.07),
	('Stabilimento Bronze',4,'ferragosto',40.00),
	('Stabilimento Gold',52,'giugno',4.08),
	('Stabilimento Silver',16,'luglio',11.55),
	('Bagno Maria',15,'giugno',5.77),
	('Stabilimento Bronze',10,'giugno',7.07),
	('Bagno Sapone',45,'agosto',13.42),
	('Bagno Maria',21,'giugno',5.00),
	('Bagno Sapone',19,'agosto',21.21),
	('Bagno Sapone',43,'ferragosto',20.00),
	('Bagno Maria',16,'giugno',5.77),
	('Stabilimento Bronze',45,'agosto',10.61),
	('Stabilimento Bronze',18,'giugno',5.00),
	('Bagno Sapone',18,'agosto',21.21),
	('Stabilimento Bronze',75,'ferragosto',11.09),
	('Stabilimento Bronze',64,'luglio',6.03),
	('Stabilimento Bronze',49,'ferragosto',13.33),
	('Stabilimento Bronze',50,'ferragosto',13.33),
	('Stabilimento Bronze',3,'giugno',10.00),
	('Bagno Maria',10,'luglio',14.14),
	('Stabilimento Bronze',63,'ferragosto',12.06),
	('Stabilimento Bronze',22,'luglio',10.00),
	('Stabilimento Gold',60,'luglio',7.56),
	('Bagno Maria',2,'giugno',10.00),
	('Stabilimento Bronze',57,'giugno',3.16),
	('Bagno Maria',14,'luglio',11.55),
	('Stabilimento Gold',59,'luglio',8.16),
	('Stabilimento Gold',1,'luglio',20.00),
	('Stabilimento Bronze',58,'ferragosto',12.65),
	('Stabilimento Bronze',72,'giugno',2.77),
	('Stabilimento Gold',11,'luglio',14.14),
	('Bagno Sapone',24,'agosto',17.32),
	('Stabilimento Bronze',75,'luglio',5.55),
	('Bagno Sapone',8,'luglio',20.00),
	('Stabilimento Silver',16,'ferragosto',23.09),
	('Bagno Sapone',2,'luglio',20.00),
	('Stabilimento Gold',24,'giugno',5.77),
	('Stabilimento Bronze',58,'luglio',6.32),
	('Stabilimento Gold',45,'agosto',13.42),
	('Stabilimento Gold',33,'luglio',10.00),
	('Stabilimento Silver',2,'giugno',10.00),
	('Stabilimento Gold',9,'giugno',10.00),
	('Stabilimento Bronze',12,'luglio',11.55),
	('Bagno Sapone',1,'ferragosto',40.00),
	('Stabilimento Silver',17,'giugno',5.77),
	('Bagno Sapone',3,'giugno',10.00),
	('Bagno Sapone',22,'ferragosto',23.09),
	('Stabilimento Bronze',68,'giugno',2.89),
	('Bagno Sapone',36,'agosto',15.00),
	('Bagno Sapone',27,'giugno',5.77),
	('Stabilimento Gold',3,'agosto',30.00),
	('Bagno Maria',8,'agosto',21.21),
	('Stabilimento Gold',70,'giugno',3.54),
	('Stabilimento Bronze',15,'luglio',11.55),
	('Bagno Sapone',11,'agosto',21.21),
	('Stabilimento Bronze',77,'giugno',2.77),
	('Stabilimento Bronze',48,'giugno',3.33),
	('Stabilimento Bronze',69,'agosto',8.66),
	('Stabilimento Bronze',73,'luglio',5.55),
	('Bagno Sapone',10,'agosto',30.00),
	('Bagno Sapone',46,'agosto',13.42),
	('Bagno Maria',19,'giugno',5.77),
	('Stabilimento Bronze',8,'agosto',21.21),
	('Stabilimento Gold',63,'luglio',7.56),
	('Bagno Sapone',21,'ferragosto',28.28),
	('Stabilimento Gold',23,'ferragosto',23.09),
	('Stabilimento Bronze',61,'giugno',3.02),
	('Stabilimento Gold',51,'ferragosto',16.33),
	('Stabilimento Bronze',63,'agosto',9.05),
	('Stabilimento Bronze',9,'giugno',7.07),
	('Stabilimento Gold',38,'ferragosto',20.00),
	('Bagno Sapone',23,'luglio',11.55),
	('Stabilimento Gold',50,'giugno',4.08),
	('Stabilimento Gold',60,'ferragosto',15.12),
	('Bagno Maria',8,'ferragosto',28.28),
	('Bagno Maria',10,'ferragosto',28.28),
	('Stabilimento Bronze',41,'ferragosto',15.12),
	('Stabilimento Bronze',25,'agosto',13.42),
	('Stabilimento Gold',68,'agosto',11.34),
	('Stabilimento Gold',53,'agosto',12.25),
	('Stabilimento Gold',42,'giugno',4.47),
	('Bagno Sapone',14,'luglio',14.14),
	('Stabilimento Bronze',66,'agosto',8.66),
	('Stabilimento Gold',27,'giugno',5.77),
	('Stabilimento Gold',8,'agosto',30.00),
	('Bagno Maria',17,'agosto',17.32),
	('Stabilimento Bronze',5,'giugno',10.00),
	('Stabilimento Silver',3,'giugno',10.00),
	('Stabilimento Gold',40,'luglio',8.94),
	('Stabilimento Bronze',54,'luglio',6.32),
	('Bagno Sapone',35,'agosto',15.00),
	('Bagno Sapone',27,'ferragosto',23.09),
	('Stabilimento Bronze',15,'agosto',17.32),
	('Stabilimento Bronze',66,'giugno',2.89),
	('Bagno Maria',11,'agosto',21.21),
	('Bagno Sapone',1,'giugno',10.00),
	('Bagno Sapone',16,'agosto',21.21),
	('Stabilimento Bronze',13,'luglio',11.55),
	('Stabilimento Bronze',24,'luglio',8.94),
	('Stabilimento Bronze',65,'ferragosto',12.06),
	('Stabilimento Gold',49,'ferragosto',17.89),
	('Stabilimento Silver',2,'ferragosto',40.00),
	('Stabilimento Bronze',51,'giugno',3.33),
	('Stabilimento Bronze',7,'luglio',14.14),
	('Bagno Sapone',26,'giugno',5.77),
	('Stabilimento Bronze',17,'agosto',17.32),
	('Stabilimento Bronze',29,'ferragosto',17.89),
	('Stabilimento Bronze',27,'giugno',4.47),
	('Stabilimento Bronze',34,'agosto',12.25),
	('Bagno Maria',21,'luglio',10.00),
	('Stabilimento Bronze',44,'ferragosto',14.14),
	('Stabilimento Gold',53,'ferragosto',16.33),
	('Bagno Sapone',19,'luglio',14.14),
	('Stabilimento Bronze',46,'luglio',7.07),
	('Stabilimento Gold',68,'ferragosto',15.12),
	('Stabilimento Gold',15,'agosto',21.21),
	('Stabilimento Gold',66,'ferragosto',15.12),
	('Bagno Sapone',38,'luglio',10.00),
	('Bagno Maria',9,'giugno',7.07),
	('Stabilimento Gold',13,'luglio',14.14),
	('Stabilimento Gold',16,'luglio',14.14),
	('Stabilimento Silver',11,'agosto',21.21),
	('Bagno Sapone',23,'ferragosto',23.09),
	('Stabilimento Gold',16,'agosto',21.21),
	('Stabilimento Gold',69,'luglio',7.56),
	('Stabilimento Silver',1,'luglio',20.00),
	('Stabilimento Gold',37,'giugno',5.00),
	('Bagno Sapone',43,'giugno',5.00),
	('Stabilimento Silver',10,'agosto',21.21),
	('Stabilimento Gold',32,'giugno',5.00),
	('Stabilimento Gold',1,'agosto',30.00),
	('Bagno Maria',14,'agosto',17.32),
	('Stabilimento Gold',13,'giugno',7.07),
	('Bagno Maria',19,'ferragosto',23.09),
	('Stabilimento Gold',17,'giugno',7.07),
	('Bagno Maria',19,'luglio',11.55),
	('Bagno Sapone',25,'ferragosto',23.09),
	('Stabilimento Silver',9,'giugno',7.07),
	('Bagno Maria',28,'ferragosto',17.89),
	('Bagno Sapone',25,'luglio',11.55),
	('Bagno Sapone',20,'ferragosto',28.28),
	('Stabilimento Bronze',14,'agosto',17.32),
	('Bagno Sapone',27,'luglio',11.55),
	('Stabilimento Gold',48,'ferragosto',17.89),
	('Stabilimento Bronze',9,'luglio',14.14),
	('Bagno Sapone',17,'agosto',21.21),
	('Stabilimento Silver',4,'luglio',20.00),
	('Stabilimento Bronze',3,'luglio',20.00),
	('Stabilimento Gold',67,'ferragosto',15.12),
	('Stabilimento Bronze',35,'agosto',12.25),
	('Stabilimento Silver',4,'ferragosto',40.00),
	('Stabilimento Gold',67,'luglio',7.56),
	('Stabilimento Bronze',21,'luglio',10.00),
	('Stabilimento Bronze',40,'ferragosto',15.12),
	('Stabilimento Gold',29,'giugno',5.77),
	('Stabilimento Bronze',23,'giugno',5.00),
	('Bagno Sapone',11,'luglio',14.14),
	('Stabilimento Gold',31,'ferragosto',20.00),
	('Stabilimento Silver',5,'giugno',10.00),
	('Stabilimento Bronze',70,'luglio',5.77),
	('Stabilimento Gold',21,'ferragosto',23.09),
	('Stabilimento Gold',23,'agosto',17.32),
	('Stabilimento Bronze',14,'ferragosto',23.09),
	('Stabilimento Bronze',30,'giugno',4.08),
	('Stabilimento Silver',15,'agosto',21.21),
	('Stabilimento Gold',56,'agosto',12.25),
	('Stabilimento Gold',14,'agosto',21.21),
	('Bagno Maria',23,'agosto',15.00),
	('Stabilimento Silver',2,'luglio',20.00),
	('Stabilimento Gold',9,'luglio',20.00),
	('Stabilimento Gold',62,'ferragosto',15.12),
	('Stabilimento Silver',16,'agosto',17.32),
	('Bagno Sapone',38,'ferragosto',20.00),
	('Bagno Maria',7,'giugno',7.07),
	('Stabilimento Bronze',52,'agosto',10.00),
	('Bagno Sapone',11,'ferragosto',28.28),
	('Stabilimento Bronze',33,'giugno',4.08),
	('Bagno Sapone',7,'agosto',30.00),
	('Bagno Maria',20,'giugno',5.77),
	('Bagno Sapone',25,'giugno',5.77),
	('Stabilimento Gold',35,'giugno',5.00),
	('Stabilimento Bronze',49,'agosto',10.00),
	('Stabilimento Bronze',22,'giugno',5.00),
	('Bagno Sapone',22,'agosto',17.32),
	('Bagno Sapone',26,'luglio',11.55),
	('Stabilimento Bronze',4,'giugno',10.00),
	('Bagno Maria',21,'ferragosto',20.00),
	('Stabilimento Bronze',31,'ferragosto',16.33),
	('Bagno Sapone',44,'giugno',4.47),
	('Stabilimento Gold',54,'luglio',8.16),
	('Bagno Sapone',42,'giugno',5.00),
	('Bagno Sapone',9,'agosto',30.00),
	('Stabilimento Bronze',63,'luglio',6.03),
	('Stabilimento Bronze',73,'giugno',2.77),
	('Stabilimento Bronze',27,'luglio',8.94),
	('Bagno Maria',2,'ferragosto',40.00),
	('Bagno Maria',28,'luglio',8.94),
	('Bagno Sapone',8,'agosto',30.00),
	('Stabilimento Bronze',43,'giugno',3.54),
	('Stabilimento Gold',69,'ferragosto',15.12),
	('Stabilimento Gold',47,'giugno',4.47),
	('Stabilimento Bronze',65,'luglio',6.03),
	('Stabilimento Gold',28,'giugno',5.77),
	('Stabilimento Gold',13,'agosto',21.21),
	('Bagno Maria',26,'agosto',15.00),
	('Stabilimento Gold',59,'giugno',4.08),
	('Stabilimento Gold',33,'agosto',15.00),
	('Stabilimento Silver',6,'giugno',10.00),
	('Stabilimento Gold',40,'agosto',13.42),
	('Stabilimento Gold',22,'agosto',17.32),
	('Stabilimento Gold',7,'giugno',10.00),
	('Stabilimento Bronze',4,'luglio',20.00),
	('Bagno Sapone',18,'ferragosto',28.28),
	('Stabilimento Bronze',52,'luglio',6.67),
	('Stabilimento Silver',8,'agosto',21.21),
	('Stabilimento Bronze',71,'giugno',2.89),
	('Bagno Sapone',24,'ferragosto',23.09),
	('Bagno Sapone',4,'giugno',10.00),
	('Stabilimento Gold',59,'agosto',12.25),
	('Stabilimento Silver',14,'luglio',14.14),
	('Stabilimento Bronze',52,'giugno',3.33),
	('Stabilimento Bronze',73,'agosto',8.32),
	('Bagno Maria',6,'giugno',10.00),
	('Bagno Sapone',14,'agosto',21.21),
	('Bagno Sapone',29,'giugno',5.77),
	('Stabilimento Bronze',14,'luglio',11.55),
	('Stabilimento Bronze',62,'agosto',9.05),
	('Bagno Sapone',32,'giugno',5.77),
	('Stabilimento Bronze',12,'agosto',17.32),
	('Stabilimento Bronze',53,'ferragosto',13.33),
	('Bagno Maria',27,'ferragosto',20.00),
	('Stabilimento Bronze',22,'ferragosto',20.00),
	('Bagno Sapone',33,'agosto',15.00),
	('Stabilimento Gold',64,'luglio',7.56),
	('Stabilimento Bronze',28,'giugno',4.47),
	('Stabilimento Gold',19,'ferragosto',28.28),
	('Stabilimento Bronze',7,'ferragosto',28.28),
	('Bagno Maria',24,'ferragosto',20.00),
	('Stabilimento Gold',56,'ferragosto',16.33),
	('Bagno Sapone',21,'luglio',14.14),
	('Stabilimento Bronze',33,'luglio',8.16),
	('Bagno Maria',18,'giugno',5.77),
	('Stabilimento Gold',57,'giugno',4.08),
	('Stabilimento Bronze',5,'luglio',20.00),
	('Stabilimento Gold',21,'agosto',17.32),
	('Stabilimento Bronze',20,'luglio',10.00),
	('Stabilimento Gold',46,'giugno',4.47),
	('Stabilimento Bronze',70,'ferragosto',11.55),
	('Stabilimento Silver',13,'agosto',21.21),
	('Stabilimento Gold',14,'luglio',14.14),
	('Stabilimento Silver',19,'luglio',11.55),
	('Stabilimento Gold',62,'agosto',11.34),
	('Stabilimento Gold',12,'agosto',21.21),
	('Bagno Maria',21,'agosto',15.00),
	('Bagno Sapone',39,'giugno',5.00),
	('Bagno Sapone',7,'luglio',20.00),
	('Stabilimento Bronze',18,'agosto',15.00),
	('Stabilimento Gold',67,'agosto',11.34),
	('Stabilimento Bronze',50,'luglio',6.67),
	('Stabilimento Gold',6,'giugno',10.00),
	('Bagno Sapone',7,'ferragosto',40.00),
	('Bagno Sapone',5,'agosto',30.00),
	('Bagno Sapone',13,'ferragosto',28.28),
	('Stabilimento Bronze',70,'giugno',2.89),
	('Stabilimento Bronze',55,'agosto',9.49),
	('Bagno Sapone',20,'agosto',21.21),
	('Stabilimento Bronze',49,'giugno',3.33),
	('Bagno Sapone',15,'giugno',7.07),
	('Stabilimento Gold',14,'ferragosto',28.28),
	('Stabilimento Bronze',36,'agosto',11.34),
	('Stabilimento Bronze',72,'agosto',8.32),
	('Stabilimento Gold',4,'ferragosto',40.00),
	('Bagno Sapone',30,'giugno',5.77),
	('Stabilimento Gold',4,'luglio',20.00),
	('Stabilimento Bronze',46,'giugno',3.54),
	('Bagno Maria',29,'ferragosto',17.89),
	('Stabilimento Bronze',50,'agosto',10.00),
	('Stabilimento Bronze',33,'agosto',12.25),
	('Bagno Sapone',13,'luglio',14.14),
	('Bagno Maria',13,'luglio',14.14),
	('Stabilimento Bronze',56,'luglio',6.32),
	('Bagno Maria',27,'luglio',10.00),
	('Stabilimento Gold',2,'agosto',30.00),
	('Stabilimento Gold',34,'luglio',10.00),
	('Stabilimento Bronze',29,'luglio',8.94),
	('Stabilimento Silver',4,'agosto',30.00),
	('Bagno Sapone',40,'luglio',10.00),
	('Stabilimento Gold',34,'ferragosto',20.00),
	('Stabilimento Bronze',23,'luglio',10.00),
	('Stabilimento Gold',39,'agosto',15.00),
	('Bagno Maria',13,'giugno',7.07),
	('Bagno Maria',8,'giugno',7.07),
	('Stabilimento Silver',11,'luglio',14.14),
	('Stabilimento Gold',55,'giugno',4.08),
	('Stabilimento Gold',20,'agosto',17.32),
	('Stabilimento Bronze',9,'ferragosto',28.28),
	('Stabilimento Bronze',26,'giugno',4.47),
	('Stabilimento Bronze',60,'luglio',6.03),
	('Stabilimento Bronze',20,'ferragosto',20.00),
	('Stabilimento Silver',14,'agosto',21.21),
	('Stabilimento Gold',36,'giugno',5.00),
	('Stabilimento Bronze',39,'luglio',7.56),
	('Stabilimento Bronze',42,'agosto',10.61),
	('Stabilimento Bronze',74,'luglio',5.55),
	('Bagno Maria',5,'luglio',20.00),
	('Stabilimento Bronze',76,'luglio',5.55),
	('Bagno Sapone',3,'luglio',20.00),
	('Bagno Sapone',45,'giugno',4.47),
	('Bagno Sapone',12,'agosto',21.21),
	('Stabilimento Bronze',2,'giugno',10.00),
	('Stabilimento Gold',56,'luglio',8.16),
	('Bagno Sapone',16,'ferragosto',28.28),
	('Stabilimento Gold',29,'luglio',11.55),
	('Stabilimento Bronze',77,'ferragosto',11.09),
	('Stabilimento Gold',58,'ferragosto',16.33),
	('Stabilimento Bronze',3,'agosto',30.00),
	('Stabilimento Gold',7,'luglio',20.00),
	('Stabilimento Gold',17,'agosto',21.21),
	('Stabilimento Bronze',60,'ferragosto',12.06),
	('Stabilimento Gold',27,'luglio',11.55),
	('Stabilimento Silver',14,'ferragosto',28.28),
	('Stabilimento Bronze',11,'agosto',21.21),
	('Stabilimento Silver',19,'ferragosto',23.09),
	('Stabilimento Bronze',41,'luglio',7.56),
	('Bagno Maria',3,'luglio',20.00),
	('Stabilimento Gold',42,'agosto',13.42),
	('Bagno Sapone',9,'luglio',20.00),
	('Stabilimento Gold',8,'giugno',10.00),
	('Stabilimento Bronze',11,'luglio',14.14),
	('Stabilimento Silver',3,'agosto',30.00),
	('Stabilimento Silver',18,'giugno',5.77),
	('Stabilimento Bronze',1,'agosto',30.00),
	('Stabilimento Gold',60,'agosto',11.34),
	('Stabilimento Gold',48,'luglio',8.94),
	('Stabilimento Gold',65,'giugno',3.78),
	('Bagno Sapone',6,'ferragosto',40.00),
	('Bagno Sapone',34,'ferragosto',20.00),
	('Bagno Maria',11,'giugno',7.07),
	('Bagno Maria',24,'agosto',15.00),
	('Bagno Sapone',16,'giugno',7.07),
	('Stabilimento Gold',54,'giugno',4.08),
	('Stabilimento Bronze',68,'agosto',8.66),
	('Stabilimento Bronze',37,'giugno',3.78),
	('Bagno Sapone',27,'agosto',17.32),
	('Stabilimento Bronze',32,'giugno',4.08),
	('Stabilimento Bronze',24,'giugno',4.47),
	('Stabilimento Bronze',53,'agosto',10.00),
	('Stabilimento Gold',43,'ferragosto',17.89),
	('Bagno Sapone',26,'agosto',17.32),
	('Stabilimento Bronze',17,'giugno',5.77),
	('Stabilimento Bronze',5,'agosto',30.00),
	('Bagno Maria',17,'ferragosto',23.09),
	('Stabilimento Gold',27,'ferragosto',23.09),
	('Bagno Maria',15,'ferragosto',23.09),
	('Bagno Sapone',46,'giugno',4.47),
	('Stabilimento Bronze',54,'agosto',9.49),
	('Stabilimento Bronze',73,'ferragosto',11.09),
	('Stabilimento Bronze',27,'agosto',13.42),
	('Stabilimento Bronze',8,'giugno',7.07),
	('Bagno Sapone',5,'ferragosto',40.00),
	('Bagno Maria',22,'luglio',10.00),
	('Stabilimento Gold',25,'luglio',11.55),
	('Stabilimento Gold',54,'ferragosto',16.33),
	('Stabilimento Gold',3,'luglio',20.00),
	('Stabilimento Gold',34,'giugno',5.00),
	('Stabilimento Bronze',59,'giugno',3.16),
	('Stabilimento Gold',12,'ferragosto',28.28),
	('Stabilimento Gold',65,'ferragosto',15.12),
	('Bagno Sapone',33,'luglio',10.00),
	('Bagno Sapone',10,'luglio',20.00),
	('Stabilimento Gold',17,'ferragosto',28.28),
	('Stabilimento Silver',11,'giugno',7.07),
	('Stabilimento Gold',36,'luglio',10.00),
	('Stabilimento Gold',37,'agosto',15.00),
	('Stabilimento Gold',26,'giugno',5.77),
	('Stabilimento Bronze',43,'luglio',7.07),
	('Stabilimento Silver',12,'giugno',7.07),
	('Stabilimento Bronze',74,'giugno',2.77),
	('Stabilimento Gold',11,'giugno',7.07),
	('Stabilimento Bronze',36,'ferragosto',15.12),
	('Stabilimento Gold',45,'luglio',8.94),
	('Bagno Sapone',44,'agosto',13.42),
	('Stabilimento Silver',19,'giugno',5.77),
	('Bagno Maria',12,'luglio',14.14),
	('Stabilimento Silver',8,'giugno',7.07),
	('Bagno Sapone',2,'giugno',10.00),
	('Stabilimento Gold',64,'giugno',3.78),
	('Bagno Sapone',36,'luglio',10.00),
	('Stabilimento Bronze',6,'ferragosto',28.28),
	('Stabilimento Bronze',77,'agosto',8.32),
	('Stabilimento Bronze',50,'giugno',3.33),
	('Bagno Maria',27,'agosto',15.00),
	('Bagno Sapone',17,'giugno',7.07),
	('Stabilimento Bronze',12,'ferragosto',23.09),
	('Stabilimento Silver',7,'luglio',20.00),
	('Stabilimento Gold',58,'luglio',8.16),
	('Stabilimento Bronze',16,'agosto',17.32),
	('Stabilimento Gold',62,'luglio',7.56),
	('Stabilimento Gold',45,'ferragosto',17.89),
	('Stabilimento Silver',13,'ferragosto',28.28),
	('Bagno Maria',17,'luglio',11.55),
	('Bagno Sapone',23,'giugno',5.77),
	('Stabilimento Bronze',43,'agosto',10.61),
	('Stabilimento Bronze',78,'luglio',5.35),
	('Stabilimento Gold',43,'luglio',8.94),
	('Bagno Sapone',31,'luglio',11.55),
	('Stabilimento Bronze',75,'giugno',2.77),
	('Stabilimento Bronze',11,'giugno',7.07),
	('Stabilimento Bronze',49,'luglio',6.67),
	('Bagno Sapone',34,'luglio',10.00),
	('Stabilimento Gold',61,'giugno',3.78),
	('Bagno Maria',16,'luglio',11.55),
	('Stabilimento Gold',56,'giugno',4.08),
	('Stabilimento Bronze',19,'luglio',10.00),
	('Stabilimento Gold',65,'luglio',7.56),
	('Stabilimento Silver',13,'luglio',14.14),
	('Bagno Maria',25,'giugno',5.00),
	('Stabilimento Bronze',74,'agosto',8.32),
	('Bagno Sapone',33,'ferragosto',20.00),
	('Stabilimento Gold',12,'luglio',14.14),
	('Bagno Maria',9,'agosto',21.21),
	('Stabilimento Bronze',2,'luglio',20.00),
	('Stabilimento Bronze',66,'ferragosto',11.55),
	('Bagno Maria',15,'luglio',11.55),
	('Stabilimento Bronze',7,'giugno',7.07),
	('Bagno Maria',3,'ferragosto',40.00),
	('Bagno Sapone',5,'luglio',20.00),
	('Stabilimento Gold',1,'giugno',10.00),
	('Bagno Maria',22,'ferragosto',20.00),
	('Bagno Sapone',9,'ferragosto',40.00),
	('Bagno Maria',3,'agosto',30.00),
	('Bagno Maria',12,'ferragosto',28.28),
	('Bagno Sapone',30,'ferragosto',23.09),
	('Stabilimento Silver',1,'ferragosto',40.00),
	('Stabilimento Bronze',76,'giugno',2.77),
	('Bagno Sapone',32,'luglio',11.55),
	('Stabilimento Bronze',36,'luglio',7.56),
	('Bagno Sapone',4,'ferragosto',40.00),
	('Bagno Sapone',8,'giugno',10.00),
	('Stabilimento Gold',30,'luglio',10.00),
	('Stabilimento Bronze',56,'giugno',3.16),
	('Stabilimento Silver',3,'luglio',20.00),
	('Stabilimento Gold',13,'ferragosto',28.28),
	('Bagno Maria',25,'ferragosto',20.00),
	('Stabilimento Bronze',66,'luglio',5.77),
	('Bagno Maria',23,'ferragosto',20.00),
	('Bagno Sapone',12,'ferragosto',28.28),
	('Stabilimento Bronze',68,'luglio',5.77),
	('Stabilimento Bronze',67,'giugno',2.89),
	('Stabilimento Bronze',30,'luglio',8.16),
	('Stabilimento Bronze',19,'agosto',15.00),
	('Stabilimento Gold',7,'agosto',30.00),
	('Stabilimento Gold',48,'agosto',13.42),
	('Bagno Sapone',46,'luglio',8.94),
	('Stabilimento Gold',5,'luglio',20.00),
	('Bagno Maria',12,'giugno',7.07),
	('Stabilimento Gold',20,'luglio',11.55),
	('Stabilimento Gold',15,'luglio',14.14),
	('Stabilimento Silver',9,'luglio',14.14),
	('Bagno Sapone',40,'ferragosto',20.00),
	('Stabilimento Bronze',16,'ferragosto',23.09),
	('Stabilimento Bronze',78,'ferragosto',10.69),
	('Stabilimento Gold',25,'agosto',17.32),
	('Bagno Maria',6,'agosto',30.00),
	('Bagno Maria',23,'giugno',5.00),
	('Stabilimento Silver',10,'luglio',14.14),
	('Stabilimento Bronze',35,'ferragosto',16.33),
	('Stabilimento Silver',1,'agosto',30.00),
	('Stabilimento Bronze',38,'agosto',11.34),
	('Bagno Sapone',23,'agosto',17.32),
	('Bagno Maria',11,'luglio',14.14),
	('Stabilimento Gold',19,'giugno',7.07),
	('Bagno Sapone',33,'giugno',5.00),
	('Stabilimento Gold',50,'luglio',8.16),
	('Stabilimento Bronze',6,'giugno',7.07),
	('Stabilimento Bronze',13,'giugno',5.77),
	('Bagno Maria',5,'ferragosto',40.00),
	('Stabilimento Bronze',22,'agosto',15.00),
	('Bagno Sapone',3,'ferragosto',40.00),
	('Bagno Sapone',25,'agosto',17.32),
	('Bagno Maria',2,'agosto',30.00),
	('Stabilimento Silver',12,'luglio',14.14),
	('Bagno Maria',24,'luglio',10.00),
	('Bagno Sapone',19,'ferragosto',28.28),
	('Bagno Sapone',9,'giugno',10.00),
	('Stabilimento Bronze',43,'ferragosto',14.14),
	('Stabilimento Silver',10,'ferragosto',28.28),
	('Stabilimento Gold',10,'ferragosto',28.28),
	('Bagno Maria',28,'agosto',13.42),
	('Stabilimento Silver',5,'ferragosto',40.00),
	('Stabilimento Gold',31,'giugno',5.00),
	('Stabilimento Gold',66,'agosto',11.34),
	('Stabilimento Bronze',46,'ferragosto',14.14),
	('Stabilimento Silver',7,'giugno',10.00),
	('Stabilimento Gold',12,'giugno',7.07),
	('Stabilimento Bronze',37,'luglio',7.56),
	('Stabilimento Bronze',64,'ferragosto',12.06),
	('Stabilimento Bronze',72,'luglio',5.55),
	('Stabilimento Gold',23,'luglio',11.55),
	('Stabilimento Gold',6,'agosto',30.00),
	('Bagno Maria',15,'agosto',17.32),
	('Bagno Sapone',5,'giugno',10.00),
	('Stabilimento Gold',69,'giugno',3.78),
	('Bagno Sapone',2,'ferragosto',40.00),
	('Stabilimento Bronze',59,'agosto',9.49),
	('Stabilimento Bronze',55,'giugno',3.16),
	('Bagno Sapone',8,'ferragosto',40.00),
	('Bagno Sapone',20,'giugno',7.07),
	('Stabilimento Gold',43,'agosto',13.42),
	('Bagno Maria',1,'giugno',10.00),
	('Bagno Sapone',15,'agosto',21.21);
	
--cliente è da finire
-- INSERT INTO Cliente(nome,cognome,residenza,documento_tipo,documento_ente,documento_numero,email,login,password) VALUES
--	('Mario','Azzurri','Verona','carta identita','comune di verona','AO123','mario@mario.it','mario','m4r10');	
INSERT INTO Cliente(nome,cognome,residenza,documento_tipo,documento_ente,documento_numero,email,login,password) VALUES
	('Mario','Azzurri','Verona','cartaidentita','comune di verona','AO123','mario@mario.it','mario','m4r10')
	,('Marco','Godi','Verona','cartaidentita','comune di buttapietra','AO124','godimarcovr@gmail.com','god','qazaqa')
	,('Riccardo','Pret','Verona','cartaidentita','comune di bardolino','AO125','riky@frut.it','pret','ubuntu');
	
INSERT INTO Prenotazione(cliente,data_inizio,data_fine,importo,tipo_pagamento) VALUES
	(1,'20/06/2015','26/06/2015',null,null)
	,(1,'10/08/2015','16/08/2015',null,null)
	,(2,'10/06/2015','16/06/2015',100.0,'contanti')
	,(1,'10/06/2015','16/06/2015',100.01,'cartacredito');

INSERT INTO NoleggioGiornaliero VALUES
	('20/06/2015',1,'Bagno Maria',1)
	,('21/06/2015',1,'Bagno Maria',1)
	,('22/06/2015',1,'Bagno Maria',1)
	,('23/06/2015',1,'Bagno Maria',1)
	,('24/06/2015',1,'Bagno Maria',1)
	,('25/06/2015',1,'Bagno Maria',1)
	,('26/06/2015',1,'Bagno Maria',1)
	,('10/08/2015',1,'Bagno Sapone',2)
	,('11/08/2015',1,'Bagno Sapone',2)
	,('12/08/2015',1,'Bagno Sapone',2)
	,('13/08/2015',1,'Bagno Sapone',2)
	,('14/08/2015',1,'Bagno Sapone',2)
	,('15/08/2015',1,'Bagno Sapone',2)
	,('16/08/2015',1,'Bagno Sapone',2)
	,('10/06/2015',11,'Stabilimento Gold',3)
	,('11/06/2015',11,'Stabilimento Gold',3)
	,('12/06/2015',11,'Stabilimento Gold',3)
	,('13/06/2015',11,'Stabilimento Gold',3)
	,('14/06/2015',11,'Stabilimento Gold',3)
	,('15/06/2015',11,'Stabilimento Gold',3)
	,('16/06/2015',11,'Stabilimento Gold',3)
	,('10/06/2015',12,'Stabilimento Gold',4)
	,('11/06/2015',12,'Stabilimento Gold',4)
	,('12/06/2015',12,'Stabilimento Gold',4)
	,('13/06/2015',12,'Stabilimento Gold',4)
	,('14/06/2015',12,'Stabilimento Gold',4)
	,('15/06/2015',12,'Stabilimento Gold',4)
	,('16/06/2015',12,'Stabilimento Gold',4);