INSERT INTO Stabilimento VALUES
	('Bagno Maria','Casalecchio','via lungomare','13','Rimini','Mario Rossi','0451234567','02/05/2015','30/09/2015',false,false,false,false,NULL,NULL,NULL)
	,('Bagno Sapone','Casalecchio','via lungomare','14','Rimini','Luigi Sapone','0451234568','26/04/2015','15/09/2015',true,false,true,true,'11:00','22:30','Sogliola impanata')
	,('Stabilimento Gold','Cesenatico','via garibaldi','42','Forlì-Cesena','Alessandro Verdi','0454561234','15/05/2015','15/10/2015',true,true,true,false,NULL,NULL,NULL)
	,('Stabilimento Silver','Cesenatico','via garibaldi','12','Forlì-Cesena','Alessandro Verdi','0454561235','15/05/2015','15/10/2015',true,true,false,false,NULL,NULL,NULL)
	,('Stabilimento Bronze','Cesenatico','via garibaldi','113B','Forlì-Cesena','Alessandro Verdi','0454561236','15/05/2015','15/10/2015',true,false,false,false,NULL,NULL,NULL)
	;
	
--generati con script python (non sono così folle da scriverli a mano)
INSERT INTO RicavoMensile VALUES
	(2012,5,'Bagno Maria',4727),
	(2012,5,'Bagno Sapone',5892),
	(2012,5,'Stabilimento Gold',5432),
	(2012,5,'Stabilimento Silver',6991),
	(2012,5,'Stabilimento Bronze',1025),
	(2012,6,'Bagno Maria',3563),
	(2012,6,'Bagno Sapone',6029),
	(2012,6,'Stabilimento Gold',6044),
	(2012,6,'Stabilimento Silver',4676),
	(2012,6,'Stabilimento Bronze',5501),
	(2012,7,'Bagno Maria',1230),
	(2012,7,'Bagno Sapone',1385),
	(2012,7,'Stabilimento Gold',1908),
	(2012,7,'Stabilimento Silver',6688),
	(2012,7,'Stabilimento Bronze',7134),
	(2012,8,'Bagno Maria',6322),
	(2012,8,'Bagno Sapone',1803),
	(2012,8,'Stabilimento Gold',5092),
	(2012,8,'Stabilimento Silver',4069),
	(2012,8,'Stabilimento Bronze',2491),
	(2013,5,'Bagno Maria',6197),
	(2013,5,'Bagno Sapone',6764),
	(2013,5,'Stabilimento Gold',576),
	(2013,5,'Stabilimento Silver',2937),
	(2013,5,'Stabilimento Bronze',7151),
	(2013,6,'Bagno Maria',5498),
	(2013,6,'Bagno Sapone',6556),
	(2013,6,'Stabilimento Gold',2930),
	(2013,6,'Stabilimento Silver',2443),
	(2013,6,'Stabilimento Bronze',2998),
	(2013,7,'Bagno Maria',5707),
	(2013,7,'Bagno Sapone',3674),
	(2013,7,'Stabilimento Gold',4244),
	(2013,7,'Stabilimento Silver',1192),
	(2013,7,'Stabilimento Bronze',5192),
	(2013,8,'Bagno Maria',5279),
	(2013,8,'Bagno Sapone',3035),
	(2013,8,'Stabilimento Gold',2194),
	(2013,8,'Stabilimento Silver',2959),
	(2013,8,'Stabilimento Bronze',2536),
	(2014,5,'Bagno Maria',6948),
	(2014,5,'Bagno Sapone',6720),
	(2014,5,'Stabilimento Gold',2620),
	(2014,5,'Stabilimento Silver',917),
	(2014,5,'Stabilimento Bronze',5707),
	(2014,6,'Bagno Maria',1653),
	(2014,6,'Bagno Sapone',2763),
	(2014,6,'Stabilimento Gold',3127),
	(2014,6,'Stabilimento Silver',2228),
	(2014,6,'Stabilimento Bronze',4331),
	(2014,7,'Bagno Maria',6359),
	(2014,7,'Bagno Sapone',7468),
	(2014,7,'Stabilimento Gold',2665),
	(2014,7,'Stabilimento Silver',3494),
	(2014,7,'Stabilimento Bronze',3612),
	(2014,8,'Bagno Maria',3680),
	(2014,8,'Bagno Sapone',1416),
	(2014,8,'Stabilimento Gold',7338),
	(2014,8,'Stabilimento Silver',2236),
	(2014,8,'Stabilimento Bronze',3363);

INSERT INTO PostoSpiaggia VALUES
	(1,'Bagno Maria',1,3),
	(2,'Bagno Maria',1,3),
	(3,'Bagno Maria',1,3),
	(4,'Bagno Maria',1,5),
	(5,'Bagno Maria',1,1),
	(6,'Bagno Maria',1,1),
	(7,'Bagno Maria',1,2),
	(8,'Bagno Maria',1,2),
	(9,'Bagno Maria',2,4),
	(10,'Bagno Maria',2,3),
	(11,'Bagno Maria',2,1),
	(12,'Bagno Maria',2,3),
	(13,'Bagno Maria',2,3),
	(14,'Bagno Maria',2,4),
	(15,'Bagno Maria',2,2),
	(16,'Bagno Maria',2,5),
	(17,'Bagno Maria',2,4),
	(18,'Bagno Maria',3,3),
	(19,'Bagno Maria',3,5),
	(20,'Bagno Maria',3,3),
	(21,'Bagno Maria',3,5),
	(22,'Bagno Maria',3,5),
	(23,'Bagno Maria',3,1),
	(24,'Bagno Maria',3,2),
	(25,'Bagno Maria',3,2),
	(26,'Bagno Maria',3,1),
	(27,'Bagno Maria',4,2),
	(28,'Bagno Maria',4,2),
	(29,'Bagno Maria',4,5),
	(30,'Bagno Maria',4,2),
	(31,'Bagno Maria',4,5),
	(32,'Bagno Maria',4,3),
	(33,'Bagno Maria',4,1),
	(34,'Bagno Maria',4,2),
	(35,'Bagno Maria',4,1),
	(36,'Bagno Maria',5,3),
	(37,'Bagno Maria',5,4),
	(38,'Bagno Maria',5,5),
	(39,'Bagno Maria',5,4),
	(40,'Bagno Maria',5,4),
	(41,'Bagno Maria',5,1),
	(42,'Bagno Maria',5,1),
	(43,'Bagno Maria',5,2),
	(44,'Bagno Maria',5,2),
	(45,'Bagno Maria',6,1),
	(46,'Bagno Maria',6,1),
	(47,'Bagno Maria',6,3),
	(48,'Bagno Maria',6,2),
	(49,'Bagno Maria',6,5),
	(50,'Bagno Maria',6,4),
	(51,'Bagno Maria',6,5),
	(52,'Bagno Maria',6,3),
	(53,'Bagno Maria',6,2),
	(54,'Bagno Maria',7,2),
	(55,'Bagno Maria',7,5),
	(56,'Bagno Maria',7,4),
	(57,'Bagno Maria',7,3),
	(58,'Bagno Maria',7,5),
	(59,'Bagno Maria',7,3),
	(60,'Bagno Maria',7,1),
	(61,'Bagno Maria',7,4),
	(62,'Bagno Maria',7,3),
	(63,'Bagno Maria',8,5),
	(64,'Bagno Maria',8,3),
	(65,'Bagno Maria',8,4),
	(66,'Bagno Maria',8,4),
	(67,'Bagno Maria',8,2),
	(68,'Bagno Maria',8,3),
	(69,'Bagno Maria',8,1),
	(70,'Bagno Maria',8,1),
	(71,'Bagno Maria',8,3),
	(72,'Bagno Maria',9,2),
	(73,'Bagno Maria',9,3),
	(74,'Bagno Maria',9,2),
	(75,'Bagno Maria',9,3),
	(76,'Bagno Maria',9,2),
	(77,'Bagno Maria',9,2),
	(78,'Bagno Maria',9,3),
	(79,'Bagno Maria',9,5),
	(80,'Bagno Maria',9,2),
	(81,'Bagno Maria',10,5),
	(1,'Bagno Sapone',1,5),
	(2,'Bagno Sapone',1,1),
	(3,'Bagno Sapone',1,2),
	(4,'Bagno Sapone',1,1),
	(5,'Bagno Sapone',1,3),
	(6,'Bagno Sapone',1,5),
	(7,'Bagno Sapone',1,2),
	(8,'Bagno Sapone',1,4),
	(9,'Bagno Sapone',2,1),
	(10,'Bagno Sapone',2,4),
	(11,'Bagno Sapone',2,1),
	(12,'Bagno Sapone',2,1),
	(13,'Bagno Sapone',2,2),
	(14,'Bagno Sapone',2,3),
	(15,'Bagno Sapone',2,1),
	(16,'Bagno Sapone',2,1),
	(17,'Bagno Sapone',2,2),
	(18,'Bagno Sapone',3,4),
	(19,'Bagno Sapone',3,3),
	(20,'Bagno Sapone',3,2),
	(21,'Bagno Sapone',3,5),
	(22,'Bagno Sapone',3,3),
	(23,'Bagno Sapone',3,1),
	(24,'Bagno Sapone',3,3),
	(25,'Bagno Sapone',3,1),
	(26,'Bagno Sapone',3,1),
	(27,'Bagno Sapone',4,2),
	(28,'Bagno Sapone',4,1),
	(29,'Bagno Sapone',4,1),
	(30,'Bagno Sapone',4,1),
	(31,'Bagno Sapone',4,1),
	(32,'Bagno Sapone',4,2),
	(33,'Bagno Sapone',4,5),
	(34,'Bagno Sapone',4,1),
	(35,'Bagno Sapone',4,2),
	(36,'Bagno Sapone',5,1),
	(37,'Bagno Sapone',5,2),
	(38,'Bagno Sapone',5,4),
	(39,'Bagno Sapone',5,2),
	(40,'Bagno Sapone',5,2),
	(41,'Bagno Sapone',5,3),
	(42,'Bagno Sapone',5,5),
	(43,'Bagno Sapone',5,5),
	(44,'Bagno Sapone',5,2),
	(45,'Bagno Sapone',6,3),
	(46,'Bagno Sapone',6,5),
	(47,'Bagno Sapone',6,4),
	(48,'Bagno Sapone',6,1),
	(49,'Bagno Sapone',6,4),
	(50,'Bagno Sapone',6,3),
	(51,'Bagno Sapone',6,4),
	(52,'Bagno Sapone',6,2),
	(53,'Bagno Sapone',6,3),
	(54,'Bagno Sapone',7,4),
	(55,'Bagno Sapone',7,3),
	(56,'Bagno Sapone',7,4),
	(57,'Bagno Sapone',7,3),
	(58,'Bagno Sapone',7,5),
	(59,'Bagno Sapone',7,4),
	(60,'Bagno Sapone',7,4),
	(61,'Bagno Sapone',7,1),
	(62,'Bagno Sapone',7,5),
	(63,'Bagno Sapone',8,3),
	(64,'Bagno Sapone',8,5),
	(65,'Bagno Sapone',8,1),
	(66,'Bagno Sapone',8,1),
	(67,'Bagno Sapone',8,5),
	(68,'Bagno Sapone',8,5),
	(69,'Bagno Sapone',8,4),
	(70,'Bagno Sapone',8,3),
	(71,'Bagno Sapone',8,3),
	(72,'Bagno Sapone',9,2),
	(73,'Bagno Sapone',9,1),
	(74,'Bagno Sapone',9,2),
	(75,'Bagno Sapone',9,1),
	(76,'Bagno Sapone',9,1),
	(77,'Bagno Sapone',9,4),
	(78,'Bagno Sapone',9,1),
	(79,'Bagno Sapone',9,2),
	(80,'Bagno Sapone',9,2),
	(81,'Bagno Sapone',10,2),
	(82,'Bagno Sapone',10,4),
	(83,'Bagno Sapone',10,4),
	(84,'Bagno Sapone',10,1),
	(85,'Bagno Sapone',10,2),
	(86,'Bagno Sapone',10,1),
	(87,'Bagno Sapone',10,2),
	(88,'Bagno Sapone',10,3),
	(89,'Bagno Sapone',10,5),
	(1,'Stabilimento Gold',1,1),
	(2,'Stabilimento Gold',1,1),
	(3,'Stabilimento Gold',1,4),
	(4,'Stabilimento Gold',1,1),
	(5,'Stabilimento Gold',2,4),
	(6,'Stabilimento Gold',2,5),
	(7,'Stabilimento Gold',2,2),
	(8,'Stabilimento Gold',2,5),
	(9,'Stabilimento Gold',2,1),
	(10,'Stabilimento Gold',3,4),
	(11,'Stabilimento Gold',3,3),
	(12,'Stabilimento Gold',3,2),
	(13,'Stabilimento Gold',3,2),
	(14,'Stabilimento Gold',3,2),
	(15,'Stabilimento Gold',4,4),
	(16,'Stabilimento Gold',4,5),
	(17,'Stabilimento Gold',4,5),
	(18,'Stabilimento Gold',4,5),
	(19,'Stabilimento Gold',4,2),
	(20,'Stabilimento Gold',5,3),
	(21,'Stabilimento Gold',5,2),
	(22,'Stabilimento Gold',5,3),
	(23,'Stabilimento Gold',5,3),
	(24,'Stabilimento Gold',5,2),
	(25,'Stabilimento Gold',6,3),
	(26,'Stabilimento Gold',6,5),
	(27,'Stabilimento Gold',6,4),
	(28,'Stabilimento Gold',6,4),
	(29,'Stabilimento Gold',6,1),
	(30,'Stabilimento Gold',7,4),
	(31,'Stabilimento Gold',7,1),
	(32,'Stabilimento Gold',7,2),
	(33,'Stabilimento Gold',7,5),
	(34,'Stabilimento Gold',7,2),
	(35,'Stabilimento Gold',8,4),
	(36,'Stabilimento Gold',8,5),
	(37,'Stabilimento Gold',8,1),
	(38,'Stabilimento Gold',8,3),
	(1,'Stabilimento Silver',1,1),
	(2,'Stabilimento Silver',1,4),
	(3,'Stabilimento Silver',1,1),
	(4,'Stabilimento Silver',1,3),
	(5,'Stabilimento Silver',1,4),
	(6,'Stabilimento Silver',1,2),
	(7,'Stabilimento Silver',2,2),
	(8,'Stabilimento Silver',2,1),
	(9,'Stabilimento Silver',2,4),
	(10,'Stabilimento Silver',2,2),
	(11,'Stabilimento Silver',2,1),
	(12,'Stabilimento Silver',2,2),
	(13,'Stabilimento Silver',2,1),
	(14,'Stabilimento Silver',3,2),
	(15,'Stabilimento Silver',3,3),
	(16,'Stabilimento Silver',3,4),
	(17,'Stabilimento Silver',3,5),
	(18,'Stabilimento Silver',3,2),
	(19,'Stabilimento Silver',3,1),
	(20,'Stabilimento Silver',3,3),
	(21,'Stabilimento Silver',4,4),
	(22,'Stabilimento Silver',4,2),
	(23,'Stabilimento Silver',4,4),
	(24,'Stabilimento Silver',4,4),
	(25,'Stabilimento Silver',4,5),
	(26,'Stabilimento Silver',4,4),
	(27,'Stabilimento Silver',4,2),
	(28,'Stabilimento Silver',5,5),
	(29,'Stabilimento Silver',5,3),
	(30,'Stabilimento Silver',5,5),
	(1,'Stabilimento Bronze',1,3),
	(2,'Stabilimento Bronze',1,1),
	(3,'Stabilimento Bronze',1,4),
	(4,'Stabilimento Bronze',1,3),
	(5,'Stabilimento Bronze',1,4),
	(6,'Stabilimento Bronze',1,5),
	(7,'Stabilimento Bronze',1,4),
	(8,'Stabilimento Bronze',1,5),
	(9,'Stabilimento Bronze',1,4),
	(10,'Stabilimento Bronze',1,5),
	(11,'Stabilimento Bronze',2,1),
	(12,'Stabilimento Bronze',2,2),
	(13,'Stabilimento Bronze',2,2),
	(14,'Stabilimento Bronze',2,2),
	(15,'Stabilimento Bronze',2,1),
	(16,'Stabilimento Bronze',2,5),
	(17,'Stabilimento Bronze',2,3),
	(18,'Stabilimento Bronze',2,3),
	(19,'Stabilimento Bronze',2,5),
	(20,'Stabilimento Bronze',2,1),
	(21,'Stabilimento Bronze',2,3),
	(22,'Stabilimento Bronze',3,1),
	(23,'Stabilimento Bronze',3,3),
	(24,'Stabilimento Bronze',3,2),
	(25,'Stabilimento Bronze',3,4),
	(26,'Stabilimento Bronze',3,1),
	(27,'Stabilimento Bronze',3,3),
	(28,'Stabilimento Bronze',3,5),
	(29,'Stabilimento Bronze',3,1),
	(30,'Stabilimento Bronze',3,3),
	(31,'Stabilimento Bronze',3,1),
	(32,'Stabilimento Bronze',3,4),
	(33,'Stabilimento Bronze',4,3),
	(34,'Stabilimento Bronze',4,4),
	(35,'Stabilimento Bronze',4,2),
	(36,'Stabilimento Bronze',4,1),
	(37,'Stabilimento Bronze',4,2),
	(38,'Stabilimento Bronze',4,3),
	(39,'Stabilimento Bronze',4,2),
	(40,'Stabilimento Bronze',4,1),
	(41,'Stabilimento Bronze',4,1),
	(42,'Stabilimento Bronze',4,3),
	(43,'Stabilimento Bronze',4,3),
	(44,'Stabilimento Bronze',5,3);

--cliente è da finire
-- INSERT INTO Cliente(nome,cognome,residenza,documento_tipo,documento_ente,documento_numero,email,login,password) VALUES
--	('Mario','Azzurri','Verona','carta identita','comune di verona','AO123','mario@mario.it','mario','m4r10');
	